model,source,input,level1,level2,level3,level4
allenai/Olmo-3-7B-Instruct,test,Oh k...i'm watching here:),I see that you are currently watching.,It appears that you are in the process of watching at this moment.,It seems that you are watching at this time.,It appears you are engaged in the act of viewing at this moment.
allenai/Olmo-3-7B-Instruct,test,K..k:)where are you?how did you performed?,I am inquiring about your location. How did you perform?,"Could you please let me know where you are? Additionally, how did you do?",May I ask for your current location? I would also appreciate an update on how your performance went.,"I would be grateful if you could inform me of your location. Furthermore, I would appreciate feedback regarding your performance."
allenai/Olmo-3-7B-Instruct,test,Going for dinner.msg you after.,I would like to have dinner with you after.,I would be pleased to dine with you after.,I would be honored to join you for dinner afterward.,It would be my pleasure to accompany you to dinner at a later time.
allenai/Olmo-3-7B-Instruct,test,i see. When we finish we have loads of loans to pay,"I understand. Once we have completed it, there will be many loans that need to be repaid.","I acknowledge that point. After completion, a significant number of loans will be outstanding and require repayment.","I appreciate your clarification. Following completion, it will be necessary to address the repayment of a considerable volume of loans.","I would like to draw your attention to the fact that, upon completion, a substantial number of loans will need to be settled."
allenai/Olmo-3-7B-Instruct,test,@user GOD DAMN IT... YOU ARE SO RIGHT. THERE'S NO GOING WRONG WITH THIS STUFF.,"Certainly. Here is a slightly more formal version:

I cannot help but agree with you; this approach is entirely sound.",I must concur with your assessment; employing this method is wholly effective.,I am compelled to agree with your conclusion that adopting this strategy proves highly advantageous.,"I am obliged to acknowledge the validity of your point, as the implementation of this course of action demonstrably yields beneficial outcomes."
allenai/Olmo-3-7B-Instruct,test,@user @user I didn't know Oprah Winfrey knew how to play tennis. .. 😱,I was not previously aware that Oprah Winfrey possesses tennis skills.,I had previously been unaware that Ms. Oprah Winfrey is capable of playing tennis.,"Up until now, I was not aware of Ms. Oprah Winfrey’s proficiency in tennis.","Prior to this, I was not informed of Ms. Oprah Winfrey’s ability to play tennis."
allenai/Olmo-3-7B-Instruct,test,@user She is so cute ♡,She is very endearing.,She is quite adorable.,She is charming.,She possesses a very appealing appearance.
